"id","t","y","pcap","pc","emp","unemp"
"1",1,1,22.5853096015114,15032.67,35793.8,1010.5,4.7
"2",1,1,22.9703705107863,15501.94,37299.91,1021.9,5.2
"3",1,1,22.1877201372146,15972.41,38670.3,1072.3,4.7
"4",1,1,23.5459292565727,16406.26,40084.01,1135.5,3.9
"5",1,1,22.9655512295083,16762.67,42057.31,1169.8,5.5
"6",1,1,22.6777598571911,17316.26,43971.71,1155.4,7.7
"7",1,1,21.8833517207815,17732.86,50221.57,1207,6.8
"8",1,1,23.0629613563464,18111.93,51084.99,1269.2,7.4
"9",1,1,22.4697154499038,18479.74,52604.05,1336.5,6.3
"10",1,1,22.0474956912957,18881.49,54525.86,1362,7.1
"11",1,1,23.2713881207506,19012.34,56589.16,1356.1,8.8
"12",1,1,22.8156274762354,19118.52,56481.93,1347.6,11
"13",1,1,22.4452303252632,19118.25,58021.69,1312.5,14
"14",1,1,22.5134014822696,19122,58893.97,1328.8,14
"15",1,1,22.7798877054113,19257.47,59446.86,1387.7,11
"16",1,1,22.5221925514883,19433.36,60688.04,1427.1,8.9
"17",1,1,21.9117034241643,19723.37,61628.88,1463.3,9.8
"18",2,1,21.6766110460247,10148.42,23585.99,547.4,4.4
"19",2,1,22.2812616101233,10560.54,24924.82,581.4,4.7
"20",2,1,22.37188656233,10977.53,26058.65,646.3,4.2
"21",2,1,21.7615212543574,11598.26,27304.64,714.5,4.1
"22",2,1,21.8813511453474,12129.06,28829.44,746,5.6
"23",2,1,22.1856703726243,12929.06,30243.29,729.1,12
"24",2,1,21.3572711665908,13603.89,29384.15,758.7,9.8
"25",2,1,21.540854701108,14175.42,30072.6,809.3,8.2
"26",2,1,21.9345599898987,14812.04,31139.49,895.4,6.1
"27",2,1,21.5725194220226,15547.62,32377.41,979.9,5.1
"28",2,1,21.8959073728368,16344.9,33769.92,1014,6.7
"29",2,1,21.6709677421138,17088.3,36387.15,1040.8,6.1
"30",2,1,22.5685046807769,17650.57,37332.09,1029.8,9.9
"31",2,1,22.214227600046,18108.24,37829.83,1077.8,9.1
"32",2,1,22.1150394113927,18792.09,38330.02,1181.9,5
"33",2,1,22.8505572936218,19414.85,39246.83,1278.6,6.5
"34",2,1,22.3156952692623,20212.42,44189.19,1337.8,6.9
"35",3,1,20.9534279257757,7613.26,19749.63,536.2,5
"36",3,1,21.7223226714482,7982.03,20636.47,551,5.4
"37",3,1,20.9257933338401,8309.01,21245.48,581.5,4.6
"38",3,1,21.5401683482939,8399.59,21654.02,614.5,4.1
"39",3,1,20.8401992221261,8512.05,22635.84,640.7,4.8
"40",3,1,21.4195150214673,8651.26,23519.27,623.8,9.5
"41",3,1,21.6835629561973,8921.91,26158.59,660,7.1
"42",3,1,21.5120028953767,9234.85,26716.93,695.6,6.6
"43",3,1,20.8152496197965,9374.54,27428.45,732.7,6.4
"44",3,1,21.5960580640701,9554.83,28394.22,749.4,6.2
"45",3,1,21.6942586347109,9705.24,29476.51,742.3,7.6
"46",3,1,21.7716327451602,9872.87,31235.95,740.1,9.1
"47",3,1,21.9713729032376,9919.35,32008.74,720.1,9.8
"48",3,1,21.373639717948,9861.76,32385.62,741.3,10
"49",3,2,23.2307719373372,9754.55,32625.51,780.2,8.9
"50",3,2,23.7306895258357,9675.47,33229.46,797.1,8.7
"51",3,2,23.0056593751941,9787.2,32889.3,813.8,8.7
"52",4,2,26.3181640923591,128545.36,172791.92,6946.2,7.2
"53",4,2,25.820822927517,132263.33,180864.28,6917,8.8
"54",4,2,25.2842770907726,134451.52,187587.86,7209.9,7.6
"55",4,2,24.5047982010212,135988.4,193535.82,7621.9,7
"56",4,2,25.4462321141235,136827.29,204096.43,7834.3,7.7
"57",4,2,25.6218826970076,138487.39,213216.84,7847.2,9.9
"58",4,2,25.0033553040316,139514.18,221958.93,8154.2,9.2
"59",4,2,25.5982842473443,139910.22,226544.27,8599.7,8.2
"60",4,2,25.7681032540764,139408.84,233936.43,9199.8,7.1
"61",4,2,25.2995404345682,140217.32,243776.26,9664.6,6.2
"62",4,2,26.0534699572268,139776.97,255305.95,9848.8,6.8
"63",4,2,25.5269361381182,139662.44,286402.55,9985.3,7.4
"64",4,2,25.936639880095,139232.39,297844.03,9810.3,9.9
"65",4,2,24.5460224560427,138535.66,305210.16,9965.8,9.7
"66",4,2,26.2471531026753,138101.55,312008.57,10574,7.8
"67",4,2,26.9206524475581,138170.93,324335.15,10979,7.2
"68",4,2,26.2959942310411,139042.68,363779.7,11258,6.7
"69",5,2,21.9749340021784,11402.52,23709.75,750.2,4.4
"70",5,2,22.4369029858763,11682.06,25186.8,787,4
"71",5,2,22.8693639003387,12010.91,26010.17,869.4,3.6
"72",5,2,22.021348355699,12473.28,27387.44,936,3.4
"73",5,2,22.0066059692184,12964.14,28763.31,959.7,3.8
"74",5,2,22.4592223326817,13483.92,29939.43,963.5,6.9
"75",5,2,22.5045012471727,14090.24,34680.9,1003.4,5.9
"76",5,2,22.2389958260802,14736.89,35116.03,1058.1,6.2
"77",5,2,22.1197230484747,15240.49,36213.58,1150,5.6
"78",5,2,23.2714974074239,15711.11,37674.72,1218,4.8
"79",5,2,22.5034099501626,16272.57,39349.98,1251.1,5.9
"80",5,2,22.7631207932694,16692.71,45660.95,1295.2,5.5
"81",5,2,23.1272302808647,17027.51,47010.56,1316.6,7.7
"82",5,2,22.8228368744555,17388.99,47724.11,1327.2,6.6
"83",5,2,22.2338728277287,17785.25,48372.91,1402.3,5.6
"84",5,2,23.020541769014,18327.11,49793.31,1418.7,5.9
"85",5,2,22.0895124387536,18889.54,47485.05,1408.3,7.4
"86",6,2,22.3281439472642,15865.66,24082.38,1197.5,5.6
"87",6,2,21.7010504419368,16559.99,25147.44,1164.3,8.9
"88",6,2,22.3665784777801,17346.79,26191.58,1190.4,8.2
"89",6,2,22.4966705963676,17803.12,27301.99,1238.7,5.7
"90",6,2,22.2961096305903,18225.2,28832.91,1264,6.2
"91",6,2,21.5837600278208,18686.78,30306.1,1223.4,9.1
"92",6,2,22.35265757066,18871.06,27628.42,1239.7,9.5
"93",6,2,22.4446567251135,18798.54,28268.33,1282.3,7
"94",6,2,22.5543841015781,18566.24,29207.04,1346.1,5.3
"95",6,2,22.7825374724958,18487.06,30449.45,1398,5.1
"96",6,2,22.3362149457381,18385.98,31844.08,1426.8,5.9
"97",6,3,21.8277467388627,18271.34,31895.65,1438.7,6.2
"98",6,3,22.7991072882946,18030.08,32967.44,1429.8,6.9
"99",6,3,21.1531888626591,17739.88,33668.53,1446.5,6
"100",6,3,23.2569755264774,17494.36,34439.31,1520.5,4.6
"101",6,3,22.6168248592612,17317.13,35816.37,1562.3,4.9
"102",6,3,22.5636802710392,17290.61,40413.22,1604.2,3.8
"103",7,3,19.6035467064978,4250.95,6108.14,216.8,4.8
"104",7,3,20.7267015606691,4405.91,6361.22,224.9,5.7
"105",7,3,19.3845670074858,4560.71,6602.65,232.4,4.7
"106",7,3,19.5855467725262,4725.12,6892.09,239.4,4.6
"107",7,3,20.9624799863901,4927.52,7263.84,233.1,6
"108",7,3,19.9415279417767,4988.37,7624.03,229.9,9.7
"109",7,3,20.240615741528,4959.87,7706.19,236.7,8.9
"110",7,3,19.615155127883,4958.47,7845.75,238.8,8.4
"111",7,3,20.9753131862579,4954.21,8100.95,247.8,7.5
"112",7,3,19.7157082247191,4936.91,8435.96,256.7,8
"113",7,3,19.9854808295374,4868.74,8811.38,259.2,7.7
"114",7,3,19.7282874024563,4825.97,9049.52,259.2,7.9
"115",7,3,20.3432275096167,4786.37,9327.72,259.2,8.5
"116",7,3,20.7983058249082,4768.17,9486.76,266.1,8.1
"117",7,3,21.0959032593758,4743.86,9630.61,280,6.2
"118",7,3,20.5906056234084,4731.49,9921.23,293.4,5.3
"119",7,3,21.1748946065742,4716.73,10655,303.2,4.3
"120",8,3,22.1567691935309,29696.86,57178.05,2152.1,4.4
"121",8,3,22.5877935012012,30683.09,60238.01,2276.4,4.9
"122",8,3,22.7196588613239,32089.12,62873.97,2513.1,4.5
"123",8,3,22.2282219652033,33480.99,66432.27,2778.6,4.3
"124",8,3,23.1166819380253,34650.29,70452.68,2863.8,6.2
"125",8,3,22.7356387625547,36103.75,73809.64,2746.4,11
"126",8,3,23.854237778836,37942.61,87196.5,2784.3,9
"127",8,3,23.680114743894,39393.89,88699.63,2933.2,8.2
"128",8,3,23.5042600993489,40859.4,91517.51,3180.6,6.6
"129",8,3,24.5754931626159,42107.13,95108.5,3381.2,6
"130",8,3,23.653907938615,43192.98,99248.64,3576.2,5.9
"131",8,3,23.0992497223045,44311.68,108486.86,3736,6.8
"132",8,3,24.489588507111,45492,111867.96,3761.9,8.2
"133",8,3,23.6434611192396,47116.82,113951.55,3905.4,8.6
"134",8,3,24.1833213891036,48538.98,116417.2,4204.2,6.3
"135",8,3,23.7584841763715,50336.63,120719.68,4410,6
"136",8,3,24.4266013886721,52309.37,135673.02,4599.4,5.7
"137",9,3,23.1883028112325,18270.44,41597.8,1557.5,4.1
"138",9,3,23.0385154918977,19275.62,43732.94,1602.9,3.9
"139",9,3,22.4065268256429,20167.45,45402.82,1695.2,4.1
"140",9,3,23.2832333171361,21015.05,47422.01,1802.5,3.9
"141",9,3,23.4062507035748,21882.27,49969.83,1827.5,5
"142",9,3,23.4085280592357,22713.54,52261.84,1755.7,8.6
"143",9,3,23.4699668314979,23556.37,56287.82,1839.1,8.1
"144",9,3,22.0438799903443,24124.15,56992.14,1926.4,6.9
"145",9,4,22.9190371693565,24622.13,58642.67,2050.1,5.7
"146",9,4,23.8437769089452,25631.2,60866.47,2127.5,5.1
"147",9,4,21.9191823484472,26685.37,63341.08,2159.4,6.4
"148",9,4,24.0450334990632,27546.85,67537.87,2198.6,6.4
"149",9,4,23.3303822791635,28209.03,69347.75,2201.5,7.8
"150",9,4,23.4305894315973,28996.86,70436.24,2279.5,7.5
"151",9,4,22.078855273144,29702.75,71624.33,2448.7,6
"152",9,4,23.5651644587295,30068.26,73979.66,2569.8,6.5
"153",9,4,22.2032090761807,30991.33,83458.28,2672.4,5.9
"154",10,4,19.9619681774552,3410.22,9202.07,207.8,5.8
"155",10,4,21.2115388337678,3579.67,9488.47,217.1,6.3
"156",10,4,20.5500624538228,3676.22,9756.4,236.5,6.2
"157",10,4,20.513686258613,3737.66,10251.95,251.7,5.6
"158",10,4,20.13776566402,3813.94,10725.66,266.8,6
"159",10,4,21.3527875041011,3942.37,11134.59,273,6.2
"160",10,4,20.2433264858256,4105.58,12401.79,291,5.7
"161",10,4,20.2567692740973,4255.84,12498.22,307.4,6.1
"162",10,4,20.1830219297624,4398.05,12813.38,331.3,5.6
"163",10,4,20.8186057941847,4522.19,13264.09,338,5.6
"164",10,4,21.2275619154358,4605.7,13771.17,330,7.9
"165",10,4,20.995769841211,4667.31,13808.97,327.8,7.5
"166",10,4,20.873705431007,4699.95,14020.3,312.2,9.9
"167",10,4,21.6339273574217,4710.03,14028.64,317.9,9.8
"168",10,4,20.3535981168168,4769.76,14049.02,330.5,7.2
"169",10,4,20.7411192653296,4819.32,14290.67,336,8
"170",10,4,20.9396739314153,4890.92,13612.16,328.2,8.7
"171",11,4,22.9308310175624,52197.49,114860.83,4345.6,4.1
"172",11,4,23.6580270822145,53805.62,119783.11,4296.4,5.1
"173",11,4,23.4907258231189,55540.36,124239.59,4314.8,5.1
"174",11,4,24.5664730243023,57288.3,129514.1,4466.9,4.1
"175",11,4,24.10521151328,58984.18,136292.35,4545.7,4.5
"176",11,4,24.1012850611119,60139.25,142558.62,4418.9,7.1
"177",11,4,25.1795477269525,61104.4,140831.43,4565.7,6.5
"178",11,4,24.0724600695909,62200.83,146285.62,4655.5,6.2
"179",11,4,23.3416215931766,63096.48,150855.46,4788.8,6
"180",11,4,25.0043717466033,63642.81,156751.98,4880,5.5
"181",11,4,24.2710943191186,64003.03,163355.48,4850.3,8.3
"182",11,4,24.7498985671992,64549.3,150688.85,4732.3,8.5
"183",11,4,24.0276858192475,65064.2,154806.13,4593.3,11
"184",11,4,24.644215150183,64751.99,157095.8,4530.6,11
"185",11,4,24.9637858028421,64460.25,159388,4672.3,9.1
"186",11,4,24.6092085617806,64487.38,164794.5,4755.3,9
"187",11,4,24.0060563905099,64726.05,161198.99,4790.7,8.1
"188",12,4,23.8377865054886,20813.65,63646.79,1849,5
"189",12,4,23.7458424769872,21665.6,65528.57,1841.1,5.7
"190",12,4,23.8680700559505,22368.04,67722.97,1921.9,4.5
"191",12,4,24.3105554640546,23230.94,70189.83,2028.1,4.2
"192",12,4,22.2227261540197,23652.3,73448.9,2031.4,5.9
"193",12,5,23.582780805994,23945.55,76823.26,1941.7,8.6
"194",12,5,23.9932496032627,24259.12,74736.15,2023.8,6.1
"195",12,5,23.1293353886016,24506.31,77477.95,2114,5.7
"196",12,5,24.5267889986303,24639.62,79763.07,2205.5,5.7
"197",12,5,23.7952219437084,24744.99,82742.13,2236.3,6.4
"198",12,5,23.4941469418205,24799.68,86012.21,2129.5,9.6
"199",12,5,22.5316119402308,24976.64,80364.43,2114.4,10
"200",12,5,23.8479325825446,25108.79,82361.44,2028,12
"201",12,5,22.9153123631854,24983.98,83359.59,2029.5,11
"202",12,5,22.7098857744519,24835.6,83946.98,2122.3,8.6
"203",12,5,24.0656024011252,24905.94,85849.71,2168.6,7.9
"204",12,5,23.4747699480879,24924.85,87053.98,2221.8,6.8
"205",13,5,22.1760957389884,14728.51,33400.46,876.9,3.7
"206",13,5,22.2962318494743,15311.03,34819.44,882.7,4.2
"207",13,5,22.4173692219978,15657.48,35846.9,912.3,3.6
"208",13,5,22.2410678270974,16006.47,37693.89,961.3,2.9
"209",13,5,21.6471695956642,16159.2,39460.57,999,3
"210",13,5,22.3114323421691,16414.32,41068.52,998.7,4.3
"211",13,5,22.9830468030667,16766.52,43868.88,1036.9,4
"212",13,5,22.9265394497532,17166.76,46649.69,1079.2,4
"213",13,5,22.3973056957474,17407.43,47977.54,1119.2,4
"214",13,5,22.7044061591201,17722.68,49653.76,1131.7,4.1
"215",13,5,22.9733312089146,17928.92,51530.31,1109.9,5.8
"216",13,5,22.1275365470093,18050.52,47985.77,1088.6,6.9
"217",13,5,21.9757361771552,18141.76,48698.55,1041.9,8.5
"218",13,5,22.2328020289644,18240.5,48731.5,1040.4,8.1
"219",13,5,21.8352765375487,18203.48,48741.81,1074.7,7
"220",13,5,22.0604028728043,18288.61,49781.83,1074.2,8
"221",13,5,21.761824973525,18436.18,43209.95,1073.8,7
"222",14,5,22.3877981530882,11115.57,33207.74,678.8,4.8
"223",14,5,21.9494069321788,11595.03,34117.09,677.8,5.5
"224",14,5,21.7322843632701,11854.06,34862.71,717.5,4
"225",14,5,22.5698933650308,12137.4,36179.12,763.3,3.1
"226",14,5,21.9660751243076,12412.46,37588.65,790,3.5
"227",14,5,21.8230154742334,12792.34,38828.22,801.2,4.6
"228",14,5,22.4021566505146,13023.89,41282.58,834.8,4.2
"229",14,5,21.6549574292337,13386.6,41246.04,871,4.1
"230",14,5,22.2141251868727,13726.24,42277.86,912.5,3
"231",14,5,21.6814231161694,14157.68,43689.61,946.8,3.4
"232",14,5,22.221768635213,14479.94,45281.71,944.7,4.5
"233",14,5,22.4735261473296,14855.02,47858.83,949.7,4.2
"234",14,5,22.2461841393529,15082.15,49569.38,921.4,6.3
"235",14,5,21.5173590660369,15062.88,49688.66,921.6,6.1
"236",14,5,22.3071341523366,15116.06,49959.27,960.8,5.2
"237",14,5,22.3462081928606,15145.49,51037.85,967.9,5
"238",14,5,22.5101742030294,15216.66,51347.26,984.8,5.4
"239",15,5,22.51338196549,16035.09,30525.64,910.1,5
"240",15,5,21.8730597603888,16706.92,31822.72,931.5,5.5
"241",15,6,22.6066294582887,17169.23,32994.5,988.3,4.8
"242",15,6,22.9867171406021,17697.13,34039.58,1038.6,4.4
"243",15,6,22.1225154216751,18263.75,35741.89,1065.9,4.5
"244",15,6,23.4652643431404,18624.45,37366.28,1057.6,7.3
"245",15,6,22.9336501173246,18945.26,41587.55,1103.1,5.6
"246",15,6,22.8323565954297,19294.6,42985.92,1148.3,4.7
"247",15,6,21.8990492366074,19572.86,44402.66,1209.9,5.2
"248",15,6,23.2045128997354,19948.68,46082.95,1245.4,5.6
"249",15,6,22.4305165944247,20585.01,47878.44,1210,8
"250",15,6,21.9224950831017,21116.39,47983.96,1196,8.4
"251",15,6,23.3631086488114,21308.34,49141.96,1160.7,11
"252",15,6,22.705592137808,21162.34,49720.78,1152.3,12
"253",15,6,22.3362376481203,21032.34,50066.78,1213.8,9.3
"254",15,6,22.6947312635828,21052.49,51135.28,1250.3,9.5
"255",15,6,22.6859713224481,20959.34,51911.38,1274.1,9.3
"256",16,6,22.7796313873591,19638.31,97802.38,1033.6,6.6
"257",16,6,22.2924255550558,20066.64,99483.9,1055.9,7
"258",16,6,22.9608273930155,20887.68,100299.59,1128.6,6.1
"259",16,6,23.6078115400118,21408.2,101336.45,1176.1,6
"260",16,6,23.5738840158056,21787.15,103761.88,1220.8,6.7
"261",16,6,22.9017403287547,22175.86,106564.55,1249.5,7.4
"262",16,6,22.8782943473425,22682.17,100358.47,1314.4,6.8
"263",16,6,23.2592933457817,23389.41,102931.73,1364.6,7
"264",16,6,22.3806742767261,24102.46,106574.97,1463.5,7
"265",16,6,22.6899335309287,24446.12,111082.3,1517.4,6.7
"266",16,6,22.8153060531436,24568.45,117127.42,1578.9,6.7
"267",16,6,22.6936160843188,24789.76,117911.54,1630.5,8.4
"268",16,6,22.7812884700715,25087,124453.54,1607,10
"269",16,6,22.4528986754885,25422.96,128610.28,1565.2,12
"270",16,6,23.3088391618661,25932.73,130129.72,1601.5,10
"271",16,6,22.9071884736938,26477.79,133300.12,1591.2,12
"272",16,6,22.5497442651145,26617.47,134624.42,1518.5,13
"273",17,6,21.285337977413,3868.87,9305.13,332.2,5.7
"274",17,6,20.6236999140419,3999.86,9582.6,332.3,7.6
"275",17,6,20.5425337148462,4167.61,9906.21,343.7,7
"276",17,6,20.8779790396315,4272.26,10255.45,354.8,5.9
"277",17,6,19.7629899801111,4394.33,10747.95,361.5,6.7
"278",17,6,20.4017928013935,4529.86,11224.5,356.9,10
"279",17,6,19.7330234232856,4593.66,11017.15,375.3,8.9
"280",17,6,20.61977964751,4662.84,11201.57,387.8,8.4
"281",17,6,20.548060500983,4813.68,11494.06,405.6,6.2
"282",17,6,20.3393007947615,4931.13,11929.56,415.9,7.2
"283",17,6,19.6199344235766,4991.87,12404.6,418.3,7.8
"284",17,6,20.3674810417521,5009.05,11733.6,419.2,7.2
"285",17,6,20.4220295851185,4976.6,12095.07,415.5,8.6
"286",17,6,20.5258790264441,4952.99,12308.54,425,9
"287",17,6,20.7852951843092,4941.74,12475.82,445.7,6.1
"288",17,6,20.9992838151531,4942.55,12817.15,458.4,5.4
"289",17,7,21.7057163570163,4939.7,13919.23,477.4,5.3
"290",18,7,23.1922066105247,19145.01,29115.59,1349.2,3.3
"291",18,7,22.3786094355154,20023.61,30631.2,1371.5,4.2
"292",18,7,23.7158514778949,21126.69,31964.23,1415,4.7
"293",18,7,23.1978682420456,22060.79,33413.53,1471.5,3.5
"294",18,7,23.0938590896679,23017.84,35364.63,1493.6,3.7
"295",18,7,22.327548257703,24189.5,37135.88,1479.3,6.9
"296",18,7,23.298045412077,25322.85,35089.36,1498.3,6.8
"297",18,7,22.637870493994,26238.15,35875.05,1545.6,6.1
"298",18,7,22.2238314249474,26910.22,37068.32,1625.8,5.6
"299",18,7,23.5701070882096,27644.44,38627.83,1691.3,5.9
"300",18,7,23.0360742967146,28081.96,40397.33,1711.8,6.5
"301",18,7,22.8488123302273,28715.84,40578.02,1715.8,7.3
"302",18,7,22.9239271424969,28850.43,41844.34,1675.8,8.4
"303",18,7,23.2444383650425,29101.83,42589.53,1724.1,6.9
"304",18,7,22.9703214861805,29214.12,43493.99,1814,5.4
"305",18,7,22.5208549221204,29451.52,45119.15,1887.8,4.6
"306",18,7,23.1327405814593,29577.46,49257.92,1952,4.5
"307",19,7,23.6810911558376,21923.28,37917.57,2243.5,4.6
"308",19,7,23.6455285142977,23177.83,39727.03,2211.4,6.6
"309",19,7,23.2712015290391,24385.09,41461.37,2251.7,6.4
"310",19,7,23.2486613918218,25765.21,43388.76,2333.5,6.7
"311",19,7,23.6174779092564,27100.33,45943.04,2353.7,7.2
"312",19,7,22.7897498645828,28204.28,48221.47,2273.1,11
"313",19,7,22.9369986079513,28752.82,45024.55,2323.5,9.5
"314",19,7,23.1335113273142,29171.97,46061.69,2416,8.1
"315",19,7,22.7676125231075,29202.12,47564.53,2526.3,6.1
"316",19,7,23.160365181578,29455.5,49564.81,2603.5,5.5
"317",19,7,22.8877353862879,29999.21,51862.37,2652.2,5.6
"318",19,7,23.9459125118805,30166.12,54146.22,2668.3,6.4
"319",19,7,23.5731305030113,30190.87,55990.97,2638,7.9
"320",19,7,23.3940928952962,30221.77,57244.08,2692.5,6.9
"321",19,7,24.2704763650978,30352.69,58684.77,2851.8,4.8
"322",19,7,23.6168244069966,30497.51,61180.21,2926,3.9
"323",19,7,23.3129957312957,30795.56,69574.24,2984.8,3.8
"324",20,7,24.3090980964671,44684.82,84755.95,2999,6.7
"325",20,7,23.5895364295155,45993.77,87827.03,2995,7.6
"326",20,7,24.1339828156629,46772.91,91039.26,3118.9,7
"327",20,7,23.6395830515228,47923.55,94302.49,3284.3,5.8
"328",20,7,24.096027572613,48793.43,99072.42,3277.6,8.7
"329",20,7,24.4077617243364,49789.59,103711.23,3136.6,13
"330",20,7,24.2327812429663,50687.49,104330.83,3283,9.4
"331",20,7,23.5522605291578,51302.34,106687.08,3442.3,8.2
"332",20,7,24.3588792499792,51494.34,109995.68,3609.4,6.9
"333",20,7,24.3628233900907,51707.36,114436.69,3637.1,7.8
"334",20,7,24.4919334027191,51922.35,119398.08,3442.8,12
"335",20,7,24.6640450525158,52276.4,112346.2,3364.4,12
"336",20,7,23.3650817563423,51955.88,115911.34,3193.3,16
"337",20,8,23.9169444372661,51305.62,118105.75,3223.1,14
"338",20,8,24.4854533611752,50724.55,119778.97,3381,11
"339",20,8,23.6221696248997,50392.79,123249.89,3561.5,9.9
"340",20,8,25.0834482464155,49879.29,125148.83,3657.3,8.8
"341",21,8,23.38234703505,21948.43,43287.56,1315.3,4.2
"342",21,8,22.9828367239881,23056.36,45132.89,1310.2,4.4
"343",21,8,22.1723133410406,24023.53,46882.97,1357.1,4.3
"344",21,8,23.4117014126559,24731.18,48841.94,1436.1,4.4
"345",21,8,22.834350971243,25333.93,51426.02,1481,4.3
"346",21,8,22.4106968450987,25910.97,53798.39,1474.4,5.9
"347",21,8,23.5228041437446,26485.99,49634.58,1520.9,5.9
"348",21,8,23.3033842664987,27080.21,51784.08,1597.3,5.1
"349",21,8,22.7283930230436,27464.67,53517.11,1689.3,3.8
"350",21,8,23.1376165226308,27832.95,55679.83,1767,4.2
"351",21,8,23.0256426625566,28055.27,58050.22,1770.2,5.9
"352",21,8,23.0449012681821,28460.94,58041.33,1761.3,5.5
"353",21,8,22.1159141892015,28590.72,59374.92,1707.3,7.8
"354",21,8,23.1717077356822,28694.1,59871.42,1718.4,8.2
"355",21,8,23.8404166022934,28718.02,60369.4,1819.8,6.3
"356",21,8,23.5184548632375,28959.43,61935.21,1864.8,6
"357",21,8,22.8411708012165,29241,60525.85,1892.5,5.3
"358",22,8,21.7129839239348,10016.07,22569.14,583.9,4.8
"359",22,8,22.0747539393582,10497.82,23557.96,602.2,4.8
"360",22,8,21.2689921046506,10844.14,24157.5,649.3,3.9
"361",22,8,21.5122430621108,11076.23,24473.04,693.2,3.6
"362",22,8,21.7787380602586,11239.45,25485.57,710.8,4.1
"363",22,8,21.3534210036824,11515.56,26426.83,692.3,8.3
"364",22,8,21.524837215531,11799.74,28130.16,727.5,6.6
"365",22,8,21.2811903115236,12061.45,28447.98,765.9,7.4
"366",22,8,22.4319195780719,12274.39,29243.06,813.7,7.1
"367",22,8,21.9725914449449,12384.91,30326.78,838.1,5.8
"368",22,8,21.8178929661175,12454.04,31541.4,829.3,7.5
"369",22,8,22.453938434013,12547.36,32193.92,819.1,8.3
"370",22,8,21.9355875027323,12603.35,33198.66,790.9,11
"371",22,8,21.4603380763778,12613.88,33751.34,792.8,13
"372",22,8,22.3891630199556,12509.37,34052.06,820.8,11
"373",22,8,21.6151070434086,12430.11,34822.24,838.9,10
"374",22,8,22.1333110693498,12411.36,34116.19,848.2,12
"375",23,8,22.2287349965537,19464.98,43905.35,1668,3.3
"376",23,8,22.6250276707804,20393.17,46044.28,1660.8,4.9
"377",23,8,23.0911332841255,21288.19,47785.13,1700.1,4.2
"378",23,8,22.8969957604138,22079.1,49585.63,1770.6,3.7
"379",23,8,22.1516032773326,22475.35,52270.92,1789.5,4.5
"380",23,8,22.868412745982,22839.32,54632.86,1740.6,6.2
"381",23,8,22.9101119184271,23032.56,54083.75,1797.8,6.2
"382",23,8,23.2088074644203,23236.14,55279.22,1861.8,5.9
"383",23,8,23.4570628768511,23393.53,56916.63,1953.1,5
"384",23,8,22.5466767083049,23545.2,59048.79,2011.1,4.5
"385",23,9,22.3728156810733,23670.64,61409.73,1969.8,7.2
"386",23,9,23.4258440187046,23947.15,61738.44,1956.3,7.7
"387",23,9,21.7745961726166,24084.48,63186.99,1922.4,9.2
"388",23,9,23.8480422878357,23957.04,63907.08,1937,9.9
"389",23,9,23.1452003770398,23782.61,64752.02,2032.7,7.2
"390",23,9,22.8807798552867,23761.7,66783.29,2094.7,6.4
"391",23,9,21.7803493620731,23855.97,68087.26,2142.6,6.1
"392",24,9,21.074040183481,4782.64,14320.39,199.1,5.5
"393",24,9,19.794169996801,4956.96,14461.39,204.8,6.3
"394",24,9,20.1573548824847,5095.7,14730.06,215.3,6.2
"395",24,9,21.0994522058472,5241.43,15347.47,224.2,6.3
"396",24,9,20.4491399543773,5420.38,15871.08,234,6.7
"397",24,9,20.5016239252007,5487.68,16347.55,238.1,6.4
"398",24,9,20.1886262513296,5536.46,18140.99,251.1,6.1
"399",24,9,20.9533521063068,5628.09,18199.92,264.8,6.4
"400",24,9,20.2202698368216,5756.96,18653.37,280.4,6.2
"401",24,9,19.8639000935496,5871.16,19264.06,283.8,5.1
"402",24,9,20.3349661302405,5945.22,19941.84,280.4,6.1
"403",24,9,20.9353876662047,6004.93,19265.48,281.8,6.9
"404",24,9,20.9180929374311,6027.25,19724.98,273.7,8.6
"405",24,9,20.5798435233703,5967.63,19877.97,276,8.8
"406",24,9,20.522779952167,5957.83,19888.7,281.1,7.4
"407",24,9,21.0630460562602,6024.85,20199.1,279.1,7.7
"408",24,9,20.0405023489341,6117.91,19414.55,275.4,8.1
"409",25,9,20.5525084812001,9235.03,19160.51,484.3,3.1
"410",25,9,20.9671340121904,9759.43,19747.34,490.8,3.6
"411",25,9,20.3730784570875,10291.33,20268.79,517,3.4
"412",25,9,20.8609091066954,10785.36,21324.54,541.3,3.3
"413",25,9,20.5812088382771,11293.48,22286.74,562.1,3.8
"414",25,9,21.7952616965464,11814.03,23106.64,557.8,4.2
"415",25,9,21.3153281838947,12436.57,24592.23,572.1,3.3
"416",25,9,21.1921222496117,12902.62,24992.27,593.7,3.7
"417",25,9,21.9532435857443,13482.42,25629.4,609.9,3
"418",25,9,21.29482703065,14181.26,26477.07,631.2,3.2
"419",25,9,20.9216389895701,14619.96,27424.29,627.6,4.1
"420",25,9,21.8000243703955,14897.42,29177.88,623.2,4.1
"421",25,9,20.7562614329256,15039.75,29566.74,609.8,6.1
"422",25,9,21.353956145288,15088.99,29555.66,610.8,5.7
"423",25,9,20.8049768455982,15027.98,29573.43,635.4,4.4
"424",25,9,21.5956232590596,14981.5,30189.6,650.5,5.5
"425",25,9,21.3743485996541,14974.69,28468.92,652.5,5
"426",26,9,20.011282825335,3768.6,10805.73,203.3,5.9
"427",26,9,19.3543735879288,3877.35,11252.01,210.5,7
"428",26,9,20.10938596512,4033.14,11706.31,223.4,7
"429",26,9,20.3394433982112,4160.79,12261.06,244.6,6.2
"430",26,9,20.357375188417,4296.97,12901.95,256.1,7.5
"431",26,9,20.5898409274471,4402.1,13377.1,263.1,9.7
"432",26,9,20.1245144900447,4500.21,15048.03,279.8,9
"433",26,10,20.451122987402,4574.27,15231.21,308.2,7
"434",26,10,21.0708681327644,4646.28,15437.13,350.3,4.4
"435",26,10,19.8342883350576,4766.05,15781.26,383.7,5.1
"436",26,10,21.6165146663486,4935.36,16264.91,399.9,6.2
"437",26,10,21.0193770161619,5188.56,17556.21,411.2,7.1
"438",26,10,21.0047569161556,5381.96,17981.16,401.1,10
"439",26,10,19.9929884456894,5500.17,18297.17,402.8,9.8
"440",26,10,21.1533754543742,5695,18813.07,426,7.8
"441",26,10,20.136399862329,5856.9,19705.62,446.4,8
"442",26,10,20.1067669152224,6003,22724.26,468.1,6
"443",27,10,20.5757895201817,3085.49,5957.55,258.5,3.3
"444",27,10,19.8189452944045,3247.53,6436.54,259.9,4.7
"445",27,10,19.9858002192622,3419.24,6680.89,278.5,4.5
"446",27,10,19.7196585528789,3559.45,6965.5,297.8,3.9
"447",27,10,20.689299687408,3688.39,7332.32,300.3,3.6
"448",27,10,19.7329741756172,3783.91,7671.07,292.8,9
"449",27,10,19.6579240204844,3915.38,7536.15,313.4,6.4
"450",27,10,19.8426632573024,4084.04,7674.13,337.1,5.9
"451",27,10,20.5058000188333,4223.59,7886.88,359.6,3.8
"452",27,10,20.6359656584812,4329.97,8200.74,378.5,3.1
"453",27,10,20.5369284538642,4348.94,8562.82,385.4,4.7
"454",27,10,20.4853220445423,4369.35,9134.69,394.6,5
"455",27,10,21.0494636369476,4353.02,9412.72,394.4,7.4
"456",27,10,20.062083400402,4333.41,9575.38,409.5,5.4
"457",27,10,20.360141819402,4324.98,9751.27,441.5,4.3
"458",27,10,20.6326418415477,4316.63,10057.05,466,3.9
"459",27,10,20.140783928258,4331.54,11863.55,490.1,2.8
"460",28,10,22.6317629646516,24857.74,57996.4,2606.2,4.6
"461",28,10,22.2766160399233,26627.68,59928.09,2607.6,5.7
"462",28,10,23.4148963463579,28256.83,62437.39,2672.5,5.8
"463",28,10,23.1023011791027,29544.99,65220.99,2759.7,5.6
"464",28,10,23.0442541893729,30629.69,68911.99,2783,6.9
"465",28,10,24.0895046974907,31830.65,72364.36,2699.9,10
"466",28,10,22.9265179713997,32396.14,65688.1,2753.7,10
"467",28,10,22.3934809208565,32775.77,67158.09,2836.9,9.4
"468",28,10,23.768733456972,33066.76,69360.18,2961.9,7.2
"469",28,10,23.28838986204,33268.6,72312.47,3027.2,6.9
"470",28,10,23.65286026512,33625.27,75670.48,3060.4,7.2
"471",28,10,22.7552184167358,33794.24,77193.36,3098.9,7.3
"472",28,10,23.627043417687,34144.85,79782.27,3092.8,9
"473",28,10,23.8469718413112,34320.27,81590.08,3165.1,7.8
"474",28,10,23.3972554778975,34385.92,83749.02,3329.2,6.2
"475",28,10,23.067817703967,34528.53,87514.13,3414.1,5.7
"476",28,10,24.0364035510866,34675.69,95540.08,3489.9,5
"477",29,10,21.480251163111,6082.2,18909.26,292.6,5.9
"478",29,10,21.518021102764,6195.5,19467.69,305.7,6.2
"479",29,10,22.1758272997528,6238.49,19864.93,327.5,5.8
"480",29,10,20.1552409826416,6326.03,20592.77,346,5.7
"481",29,11,21.3882176235355,6367.27,21314.16,360.2,6.3
"482",29,11,21.594146400035,6447.38,21958.76,370.2,10
"483",29,11,20.9193820629671,6606.97,23919.97,390,9.1
"484",29,11,22.0735524991551,6724.71,24441.46,415.4,7.8
"485",29,11,21.7994783258355,6786.25,25269.39,444.3,5.7
"486",29,11,22.0812017544148,6902.83,26247.31,461,6.6
"487",29,11,20.9302036595919,7104.7,27361.11,465.4,7.5
"488",29,11,22.2534285067029,7296.53,26939.76,475.5,7.3
"489",29,11,22.0239904393562,7402.21,28025.98,473.6,9.2
"490",29,11,20.6074108148376,7634.64,28657.43,479.5,10
"491",29,11,22.7184652552496,7904.32,28916.61,502.8,7.5
"492",29,11,22.0048874673043,8228.31,29544.48,520.2,8.8
"493",29,11,21.6892900332563,8483.37,30208.23,525.9,9.2
"494",30,11,24.8477883338525,106893.49,136663.66,7156.4,4.5
"495",30,11,24.5132453767205,110931.96,142795.91,7011.4,6.6
"496",30,11,25.0706872404519,115957.66,149415.66,7038.5,6.7
"497",30,11,24.7637648724889,121450.05,157017.53,7132.2,5.4
"498",30,11,25.4261914740218,126498.16,166920.58,7077.1,6.3
"499",30,11,26.0286697362185,131097.03,175080.71,6829.9,9.5
"500",30,11,25.940098933488,134166.03,153578.05,6789.5,10
"501",30,11,24.6927630671446,134701.89,156804.67,6857.6,9.1
"502",30,11,24.7274196474959,134632.83,162223.44,7044.5,7.7
"503",30,11,25.0850564661891,134765.25,169324.73,7179.4,7.1
"504",30,11,24.3235316235026,134166.71,177499.16,7207.1,7.5
"505",30,11,24.5722337856242,133207.7,173471.27,7287.3,7.6
"506",30,11,24.3830874189358,132189.18,179574.26,7254.6,8.6
"507",30,11,24.97073851753,131808.83,183921.34,7313.3,8.6
"508",30,11,24.9346307758159,131365.12,189443.48,7570.4,7.2
"509",30,11,24.822359642687,131529.92,199426.84,7751.3,6.5
"510",30,11,25.3313592153662,132203.02,199092.6,7907.9,6.3
"511",31,11,23.4405241295587,16840,43497.41,1782.7,4.3
"512",31,11,23.1632504897354,17688.47,46378.35,1813.8,4.8
"513",31,11,24.0474006037446,18419.02,48129.87,1911.9,4
"514",31,11,23.1893278224638,19081.72,49858.52,2018.1,3.5
"515",31,11,23.3203500845652,19701.02,52460.28,2048.2,4.5
"516",31,11,23.6656016334935,20334.13,54990.14,1979.9,8.6
"517",31,11,22.8281045542547,21062.44,57959.71,2082.7,6.2
"518",31,11,23.4129272014605,22029.51,59106.74,2170.4,5.9
"519",31,11,22.8839839657266,22652,60848.16,2277.4,4.3
"520",31,11,23.6502176844683,23305.83,63150.19,2373,4.8
"521",31,11,23.6950382330442,24164.71,65641.48,2380,6.6
"522",31,11,23.4864387326455,24576.1,67293.41,2391.6,6.4
"523",31,11,22.7168294051955,24698.58,69071.06,2347,9
"524",31,11,23.4729522390121,24700.31,70037.15,2419.2,8.9
"525",31,11,23.5812209933053,24674.17,70834.5,2565.2,6.7
"526",31,11,23.7675009369554,24744.19,72753.04,2651.2,5.4
"527",31,11,24.0278932137653,25179.37,84000.92,2744.1,5.3
"528",32,11,20.7260440573838,4173.07,11571.8,163.6,4.6
"529",32,12,20.2229985288266,4226.31,11843.02,167,5.3
"530",32,12,20.424119418271,4302.57,12036.32,176.1,4.9
"531",32,12,19.5842483295324,4330.52,12675.35,183.9,5.1
"532",32,12,20.8978981217681,4404.4,13112.72,193.8,3
"533",32,12,20.4459707911219,4458.28,13488.09,203.6,3.6
"534",32,12,20.7762706655243,4492.23,15078.43,215,3.6
"535",32,12,20.1131304464586,4573.94,15049.51,221.1,4.8
"536",32,12,21.135250145661,4628.15,15397.12,234,4.8
"537",32,12,20.1215777172992,4704.64,15889.87,244.2,3.7
"538",32,12,19.5413662079454,4798.61,16426.81,245.2,5
"539",32,12,21.686900757807,4888.2,20919.99,249.4,5
"540",32,12,20.4137248373293,4893,21461.22,249.7,5.9
"541",32,12,20.4996827908775,4929.21,21655.24,250.6,5.6
"542",32,12,20.8247386789592,4929.23,21663.82,252.5,5.1
"543",32,12,21.0197030962218,4968.32,22019.74,252,5.9
"544",32,12,21.0890123735138,5014.77,21556.51,249.9,6.3
"545",33,12,23.5578398855157,48317.68,106396.06,3880.7,5.4
"546",33,12,23.4248878127011,50241.05,110274.99,3839.6,6.5
"547",33,12,24.1981137534239,51395.75,114219.33,3938.4,5.5
"548",33,12,24.600392392864,52356.39,118487.46,4112.9,4.3
"549",33,12,24.3275539843281,52834.75,124345.66,4169.4,5
"550",33,12,23.7085243666798,53464.68,130164.06,4016.2,9.1
"551",33,12,24.0138988882199,54188.05,123122.24,4094.6,7.8
"552",33,12,23.2971438639175,54969.48,126663.68,4230.1,6.5
"553",33,12,24.0598147039435,55391.11,130514.81,4394.9,5.4
"554",33,12,23.6648578738984,56115.22,135552.69,4484.8,5.9
"555",33,12,23.96670218133,56513.62,141143.03,4367.4,8.4
"556",33,12,24.2355360616883,56980.17,130138.76,4317.7,9.6
"557",33,12,23.9255042611051,57101.01,133828.4,4124.3,13
"558",33,12,24.1074275738993,56929.04,135942.45,4092.5,12
"559",33,12,24.3239804546691,56648.46,137605.78,4260.2,9.4
"560",33,12,23.5499947180357,56463.31,141449.34,4372.9,8.9
"561",33,12,24.8728992547841,56283.12,139129.61,4471.4,8.1
"562",34,12,22.0928825904606,11168.19,38990.92,762.6,4.4
"563",34,12,22.1334353906471,11478.15,40190.7,774.4,4.9
"564",34,12,22.6472535010035,11680.58,40932.34,811.9,4.5
"565",34,12,21.9213587759321,11832.9,41815.94,851.9,4.2
"566",34,12,22.4647806909269,12026.61,43288.99,886.9,4.4
"567",34,12,21.7193077600714,12396.49,44637.52,899.7,7.2
"568",34,12,22.4622277802413,12730.82,49044.39,931.1,5.6
"569",34,12,22.5994921800544,12979.01,49679.55,971.5,5
"570",34,12,22.4083293935078,13229.51,51180.23,1035.7,3.9
"571",34,12,21.7505769977593,13492.11,53110.66,1087.9,3.4
"572",34,12,22.5321208961015,13835.66,55318.19,1138.1,4.8
"573",34,12,22.6036339019717,14248.02,63264.52,1201.2,3.6
"574",34,12,22.7634288456718,14564.32,65824.58,1216.9,5.7
"575",34,12,22.9614603284487,14766.51,67358.6,1170.6,9
"576",34,12,22.4423030320395,15088.88,68096.06,1180.3,7
"577",34,13,22.8507368818916,15480.8,69848.25,1165.3,7.1
"578",34,13,23.0012619551713,15891.09,64625.86,1124.4,8.2
"579",35,13,21.4227774275146,11143.64,22546.05,710.5,6.2
"580",35,13,22.8546342496448,11481.58,23425.25,729.1,6.6
"581",35,13,22.3632869456328,11830.75,24286.22,774.7,5.7
"582",35,13,22.4762558038764,12150.51,25304.46,816.2,5.3
"583",35,13,21.475022419243,12912.83,26641.39,838.2,7.5
"584",35,13,22.8517941673239,13214.8,27836.41,837.4,11
"585",35,13,21.7972979971749,13671.14,30422.64,878.5,9.5
"586",35,13,21.4022767651267,13976.13,31180.19,936.9,7.4
"587",35,13,23.3750274197418,14350.99,32072.2,1009.2,6.1
"588",35,13,22.211822764014,14724.22,33272.01,1056,6.8
"589",35,13,22.2485916948925,15020.05,34618.64,1044.6,8.3
"590",35,13,22.143322020773,15420.55,36469.81,1018.7,9.9
"591",35,13,22.7057475928733,15666.86,37341.17,961.1,12
"592",35,13,22.2461348802913,15743.83,37792.98,966.7,11
"593",35,13,22.2346553129283,15759.04,38276.78,1006.9,9.4
"594",35,13,22.2600961254638,15844.49,39308.4,1030,8.8
"595",35,13,22.8606639338845,15947.63,37419.6,1058.5,8.5
"596",36,13,24.5147763303167,50428.35,105738.93,4351.6,4.5
"597",36,13,24.1404888200864,53374.91,109965.27,4291.3,5.4
"598",36,13,24.2614950944004,56250.56,114031.51,4400,5.4
"599",36,13,24.5816142573272,58090.06,118691.16,4506.5,4.8
"600",36,13,23.8795232776917,59430.51,124688.11,4514.6,5.1
"601",36,13,23.8074039306287,60860.6,130578.37,4435.8,8.3
"602",36,13,24.018857845728,61871.02,124414.86,4512.8,7.9
"603",36,13,23.7785997564522,62830.91,127274.82,4565.2,7.7
"604",36,13,24.1692726498131,62861.36,131212.42,4716.2,6.9
"605",36,13,23.8893304681142,62652.44,136305.43,4806.1,6.9
"606",36,13,24.5607828428213,62617.53,141870.43,4753.1,7.8
"607",36,13,24.3600300926603,62440.58,132965.78,4728.9,8.4
"608",36,13,24.1409007695651,62061.65,136800.58,4580.1,11
"609",36,13,24.5366214691693,61479.97,139072.15,4524.3,12
"610",36,13,23.9526037681562,61158.43,141054.14,4654.8,9.1
"611",36,13,23.9374409650751,60661.77,145339.04,4730.3,8
"612",36,13,24.2227825974863,60244.69,145433.99,4790.9,6.8
"613",37,13,19.7669786182855,4310.22,5437.28,344.1,5.2
"614",37,13,20.5082040006478,4451.24,5610.11,342.8,6.8
"615",37,13,19.8671151202822,4493.55,5845.79,358.1,6.5
"616",37,13,21.1937315481497,4498.12,6109.18,365.9,6.2
"617",37,13,20.1398496924858,4490.52,6470.03,367,7.3
"618",37,13,19.9439765034393,4463.83,6799.79,349.2,11
"619",37,13,19.189492342566,4437.89,6123.78,366.7,8.1
"620",37,13,19.9595826077512,4443.85,6286.71,381.7,8.6
"621",37,13,20.589364181659,4442.7,6499.15,395.8,6.6
"622",37,13,20.2543952809866,4430.52,6803.93,400,6.6
"623",37,13,20.3337865388601,4411.81,7154.94,398.3,7.2
"624",37,13,20.9279922159163,4396.28,7057.35,401.4,7.6
"625",37,14,20.8137275428195,4342.85,7323.77,390.5,10
"626",37,14,20.9852289473388,4302.36,7503.27,396.3,8.3
"627",37,14,20.51107404497,4251.45,7684.1,416.4,5.3
"628",37,14,21.4941753702527,4230.74,8001.04,429.2,4.9
"629",37,14,21.0314004653658,4254.36,8191.84,442.5,4
"630",38,14,21.5167408201279,8250.43,24322.74,842,5
"631",38,14,20.9970800866354,8694.41,26387.6,862.6,5.3
"632",38,14,22.0337137304559,9115.22,27298.7,920.3,4.2
"633",38,14,21.759704065511,9554.06,28224.77,984,3.7
"634",38,14,20.9677553028423,10014.14,29549.55,1015.8,4.5
"635",38,14,22.3204059068454,10637.46,30901.75,982.6,8.7
"636",38,14,22.0524241612359,11097.59,34992.84,1038.1,6.9
"637",38,14,21.5110871309049,11500.56,35544.29,1081.7,7.2
"638",38,14,22.1593533634255,11653.18,36518.61,1137.5,5.7
"639",38,14,21.8006533936868,11911.5,37807.33,1176,5
"640",38,14,22.0937823876797,12263.76,39198.08,1188.8,6.9
"641",38,14,21.0002831551233,12577.08,40311.84,1196.4,8.4
"642",38,14,22.268903083312,12972.01,41342.05,1162.3,11
"643",38,14,22.9054616901677,13110.97,41914.56,1189,10
"644",38,14,22.493168950514,13172.84,42318.87,1262.5,7.1
"645",38,14,21.7408272554507,13211.81,43299.52,1296.2,6.8
"646",38,14,21.8736871394303,13391.24,48248.27,1338,6.2
"647",39,14,20.4173764633754,4173.17,9202.46,175.4,3.3
"648",39,14,19.689306926215,4261.98,9436.08,179,3.7
"649",39,14,19.7622683779368,4333.46,9688.61,189.9,3.7
"650",39,14,20.0047074349365,4407.53,10017.65,199.1,3.3
"651",39,14,19.6641506221853,4501.83,10458.03,206.6,3.5
"652",39,14,19.6413633620015,4630.2,10832.66,209.3,3.7
"653",39,14,19.4224117105633,4732.91,11153.46,218.6,3.4
"654",39,14,20.6394558715873,4840.82,11058.96,226.6,3.3
"655",39,14,20.0988773284431,4895.63,11324.24,236.6,3
"656",39,14,19.9823207586628,4998.02,11686.06,241.4,3.5
"657",39,14,20.5678326118415,5067.5,12084.49,238,4.9
"658",39,14,20.1695036521504,5125.45,11911.36,236,5.1
"659",39,14,19.906353814388,5178.56,12036.85,230.2,5.5
"660",39,14,20.5852252961728,5162.24,11996.73,235.3,5.4
"661",39,14,19.9854005962492,5146.61,11982.06,247,4.3
"662",39,14,20.5211974180437,5148.18,12209.44,249.4,5.1
"663",39,14,20.0604723813751,5281.22,11305.15,251.9,4.7
"664",40,14,21.7391482521915,20949.51,38417.96,1327.6,4.8
"665",40,14,22.610529714163,21687.41,40374.38,1356.8,5
"666",40,14,22.4069363165815,22448.25,41983.03,1450.1,3.6
"667",40,14,21.6411940017155,22886.75,43491.51,1531.1,3
"668",40,14,22.319782592095,23184.46,45836.89,1558.2,3.9
"669",40,14,22.2086384714628,23972.49,48060.68,1505.7,8.3
"670",40,14,22.6519222035355,24632.07,51076.68,1575.4,6
"671",40,14,23.1416185842209,25153.79,52181.92,1648.1,6.3
"672",40,14,21.8895194388876,25444.07,53812.7,1737,5.8
"673",40,15,23.8045647274025,25820.64,55904.1,1777.3,5.8
"674",40,15,23.8651459089383,26011.9,58207.51,1746.6,7.3
"675",40,15,23.5330495074197,26321.05,58678.19,1755.4,9.1
"676",40,15,24.3919663140803,26467.14,60244.5,1703,12
"677",40,15,23.8347508836513,26394.65,61160.01,1719,12
"678",40,15,23.5601172542957,26261.07,62031.97,1812,8.6
"679",40,15,22.4219125819174,26236.06,63885.31,1867.8,8
"680",40,15,24.2004483486629,26281.46,65065.24,1929.8,8
"681",41,15,24.7137218561065,53639.88,213676.41,3624.9,4.4
"682",41,15,23.6975456102708,55700.45,220715.86,3683.5,4.9
"683",41,15,25.4536129888709,57213.27,224933.82,3884.4,4.5
"684",41,15,25.0044850802619,59134.01,229705.43,4141.7,3.9
"685",41,15,24.0564825069492,60974.12,237780.47,4360.2,4.3
"686",41,15,25.1095079927773,62734.61,245917.64,4462.9,5.6
"687",41,15,24.2885590868891,64422.93,270830.23,4683.7,5.7
"688",41,15,25.0695470501654,65863.92,274770.61,4906.8,5.3
"689",41,15,23.7818593851686,67133.78,283942.5,5271.6,4.8
"690",41,15,25.4209916216878,69034.04,295486.62,5601.8,4.2
"691",41,15,26.0912632741844,71409.31,308526.88,5851.2,5.2
"692",41,15,25.3879710731844,74168.05,334167.45,6180,5.3
"693",41,15,24.1818135499547,76260.44,349440.59,6263.4,6.9
"694",41,15,25.1141193440897,78159.02,359069.09,6193.6,8
"695",41,15,25.1037409588117,80067.98,364324.47,6492.4,5.9
"696",41,15,24.6464264179659,82196.09,375341.6,6663.1,7
"697",41,15,24.0236103850246,84303.17,362209.94,6564.2,8.9
"698",42,15,21.1054872406026,6494.16,11252.62,357,6.1
"699",42,15,20.9979623374749,6666.03,11621.13,369.3,6.4
"700",42,15,20.9085253438948,6773.32,11981.62,393,6.1
"701",42,15,20.5098944526309,6928.74,12493.5,414.8,5.7
"702",42,15,21.8132084308349,7072.53,13079.28,434.1,5.9
"703",42,15,21.2120330305292,7239.52,13616.96,440.3,6.5
"704",42,15,21.0437140354812,7373.63,16090.73,462.8,5.7
"705",42,15,21.4810494798213,7547.71,16584.22,488.7,5.3
"706",42,15,21.1710321521602,7716.92,17142.71,525.4,3.8
"707",42,15,21.8709563256359,7893.14,17874.79,548.4,4.3
"708",42,15,21.3242201011161,8057.45,18707.02,550.8,6.3
"709",42,15,20.1790792885723,8334.41,19165.89,558,6.7
"710",42,15,20.9275025467195,8606.09,19798.38,560.9,7.8
"711",42,15,20.2464656649608,8908.45,20132.57,566.9,9.2
"712",42,15,21.2940225902982,9453.63,20339.64,601.2,6.5
"713",42,15,21.0149242861362,10311.4,20850.77,624.3,5.9
"714",42,15,20.8972287792417,11392,22757.3,634.1,6
"715",43,15,18.480207005718,2627.12,4052.71,147.9,4.9
"716",43,15,19.1714128405297,2756.19,4250.3,148.1,6.8
"717",43,15,19.5563429046842,2894.58,4402.86,153.6,6.5
"718",43,15,19.614959127157,2967.25,4577.6,161.3,5.6
"719",43,15,19.6695695412194,3025.15,4806.48,162.8,6.9
"720",43,15,20.3901318359819,3083.07,5017.84,162.1,9.4
"721",43,16,19.5032146460106,3075.61,4790.14,168.4,8.7
"722",43,16,19.7968058098679,3055.26,4805.94,178.4,7
"723",43,16,19.9227670601394,3019.42,4926.2,190.6,5.9
"724",43,16,20.2986424369664,3020.06,5105.86,197.9,5.1
"725",43,16,20.0742259948016,3032.36,5308.11,200.1,6.4
"726",43,16,20.122534306919,3016.79,5514.75,204.3,5.7
"727",43,16,19.4815331960565,2983.19,5671.16,202.9,6.9
"728",43,16,20.2978108397836,2950.98,5756.72,206.4,6.9
"729",43,16,20.2980853014881,2927.85,5832.7,214.9,5.2
"730",43,16,19.0262710070273,2925.39,6001.79,224.7,4.8
"731",43,16,20.8080832978982,2936.44,6939.39,234.4,4.7
"732",44,16,22.2014067126167,20732.56,34706.84,1518.9,3.4
"733",44,16,21.9641594982009,21582.28,36795.57,1567.2,3.6
"734",44,16,22.5922118788268,22348.28,38243.38,1655.2,3.6
"735",44,16,22.5136324042312,22927,39992.09,1753.4,3.6
"736",44,16,22.6841075077986,23570.72,42155.45,1804.3,4
"737",44,16,22.3355841694892,24524.64,44147.96,1778.7,6.4
"738",44,16,22.9887843136018,25440.39,48475.72,1848.1,5.9
"739",44,16,23.649492134443,26020.05,49402.95,1930.4,5.3
"740",44,16,23.6468471314339,26621.8,50991.39,2033.5,5.4
"741",44,16,22.9909595575157,27058.08,53106.81,2115,4.7
"742",44,16,22.6822079264756,27606.76,55464.07,2157.2,5
"743",44,16,22.9733449335399,27993.19,57163.94,2160.8,6.1
"744",44,16,22.2841989220462,28206.71,58820.49,2146.4,7.7
"745",44,16,22.7253157330597,28109.5,59774.36,2206.9,6.1
"746",44,16,22.766598301756,28031.46,60756.37,2333.3,5
"747",44,16,22.7063861331653,27922.62,62710.66,2454.7,5.6
"748",44,16,23.037734572022,28000.68,71355.78,2557.7,5
"749",45,16,22.0917702830423,25751.49,37406.43,1079.4,9.1
"750",45,16,22.7674654479782,26775.46,39258.7,1064.5,10
"751",45,16,22.7111680182981,27853.91,40764.39,1100.1,9.5
"752",45,16,22.3997910800987,28392.6,42227.19,1152.3,7.7
"753",45,16,23.3512945160712,29137.6,44463.18,1199.1,7.2
"754",45,16,22.6171315946348,29497.89,46519.96,1225.7,9.5
"755",45,16,22.4080203163751,29997.51,50312.3,1282.9,8.7
"756",45,16,23.1678726897134,30862.78,51506.38,1367,8.8
"757",45,16,22.5237651067195,31968.1,52994.95,1485.4,6.9
"758",45,16,23.0734533690397,33454.73,54907.23,1581.2,6.8
"759",45,16,22.4348570591228,35106.09,57001.52,1608.3,7.9
"760",45,16,23.0260145209095,36528,60190.96,1612,9.5
"761",45,16,23.2034573109011,37941.5,61677.79,1568.6,12
"762",45,16,22.9824868820599,39515.57,62465.52,1586.1,11
"763",45,16,22.3496630964752,40454.47,63256.31,1659.6,9.5
"764",45,16,23.2304107731824,40775.81,64929.03,1710.4,8.1
"765",45,16,23.1652011855455,41136.36,66033.81,1769.9,8.2
"766",46,16,22.02608870046,6482.87,24310.26,516.5,6.1
"767",46,16,22.2559777727159,7051.17,25312.77,520,6.5
"768",46,16,21.0954052182453,7652.54,26202.33,540.5,6.5
"769",46,17,21.7392070280282,8245.21,27227.32,561.6,5.7
"770",46,17,22.0911520512992,8735.95,28458.57,572.4,5.9
"771",46,17,21.1379682999981,9220.62,29691.14,574.7,8.5
"772",46,17,22.5910171626169,9624.86,32491.78,596.3,7.5
"773",46,17,22.0730692675007,9942.15,33448.52,611.6,7.1
"774",46,17,22.0330905244788,10115.55,34622.97,633.1,6.2
"775",46,17,21.0947938646739,10457.33,35916.4,658.6,6.7
"776",46,17,22.3642709358232,10705.18,37252.5,645.9,7.9
"777",46,17,21.5238767076522,10943.56,34681.29,628.5,11
"778",46,17,20.9318564268131,11059.62,35504.01,607.8,14
"779",46,17,22.4805758184543,11078.85,35932.73,582.3,18
"780",46,17,21.694292878882,11072.89,36068.2,596.6,15
"781",46,17,21.4003111622958,11000.7,36549.44,597.2,13
"782",46,17,21.7876968194307,10984.38,35781.74,597.5,12
"783",47,17,22.3104071086329,23565.08,39311,1530.4,3.9
"784",47,17,22.5727062689467,24271.67,40880.5,1525.4,4.5
"785",47,17,22.1807043778701,24747.06,42260.97,1580.8,4.2
"786",47,17,22.7405172206279,25226.91,43778.56,1660.5,4.1
"787",47,17,23.3341249609667,25539.33,45934.43,1703.4,4.6
"788",47,17,23.4337809116822,25799.34,47948.09,1676.8,6.9
"789",47,17,22.7202255240108,25842.14,48872.43,1725.9,5.6
"790",47,17,22.6615443291244,25945.01,50089.81,1798.9,4.9
"791",47,17,22.9846589884619,25858.17,51469.93,1887,5.1
"792",47,17,22.1230481926477,25885.94,53386.11,1960.2,4.5
"793",47,17,22.4838111546321,25894.16,55505.34,1938.1,7.2
"794",47,17,22.4275131624214,25984.74,54915.52,1923.2,7.8
"795",47,17,22.4228592737747,26034.63,56262.51,1866.7,11
"796",47,17,22.476086802046,26289.52,56912.51,1864.6,10
"797",47,17,22.208465138116,26225.89,57440.23,1949.2,7.3
"798",47,17,22.8261794589267,26304.98,58904.79,1983.1,7.2
"799",47,17,22.6418997033662,26400.6,60241.65,2023.9,7
"800",48,17,19.7362886272968,3674.01,14309.75,108.3,4.5
"801",48,17,20.6939893922016,3701.91,14459.14,111,4.5
"802",48,17,19.9030376042222,3701.91,14583.78,117.3,4
"803",48,17,20.0340577408837,3722.93,14936.34,126.1,3.5
"804",48,17,20.1388622713854,3732.09,15284.9,136.5,3.6
"805",48,17,19.2446719514995,3772.46,15670,146,4.2
"806",48,17,20.0130938550269,3884.01,19539.47,156.5,4.1
"807",48,17,19.3522118321692,4037.03,19977.67,170.5,3.6
"808",48,17,20.2257953248255,4115.61,20760.24,187.4,3.3
"809",48,17,20.2675864721825,4268.71,21643.5,200.7,2.8
"810",48,17,20.0587008943594,4399.69,22628.22,210.2,4
"811",48,17,19.4300696431999,4572.67,26330.2,223.5,4.1
"812",48,17,20.1625769923247,4731.98,27724.96,217.7,5.8
"813",48,17,20.1529656997715,4950.82,28586.46,202.5,8.4
"814",48,17,20.3318181731451,5184.73,28794.8,204.3,6.3
"815",48,17,20.5949704398176,5448.38,29326.94,206.9,7.1
"816",48,17,20.6213528491583,5700.41,27110.51,196.3,9
